"Month_Year","Borough_SNT","Count"
2020-12-01,"Barking and Dagenham",1641
2021-01-01,"Barking and Dagenham",1564
2021-02-01,"Barking and Dagenham",1570
2021-03-01,"Barking and Dagenham",1777
2021-04-01,"Barking and Dagenham",1704
2021-05-01,"Barking and Dagenham",1809
2021-06-01,"Barking and Dagenham",1917
2021-07-01,"Barking and Dagenham",1846
2021-08-01,"Barking and Dagenham",1735
2021-09-01,"Barking and Dagenham",1773
2021-10-01,"Barking and Dagenham",1954
2021-11-01,"Barking and Dagenham",1883
2021-12-01,"Barking and Dagenham",1712
2022-01-01,"Barking and Dagenham",1806
2022-02-01,"Barking and Dagenham",1771
2022-03-01,"Barking and Dagenham",1955
2022-04-01,"Barking and Dagenham",1733
2022-05-01,"Barking and Dagenham",1868
2022-06-01,"Barking and Dagenham",1942
2022-07-01,"Barking and Dagenham",1821
2022-08-01,"Barking and Dagenham",1858
2022-09-01,"Barking and Dagenham",1803
2022-10-01,"Barking and Dagenham",1991
2022-11-01,"Barking and Dagenham",2004
2022-12-01,"Barking and Dagenham",1899
2023-01-01,"Barking and Dagenham",1946
2023-02-01,"Barking and Dagenham",1890
2023-03-01,"Barking and Dagenham",1960
2023-04-01,"Barking and Dagenham",1825
2023-05-01,"Barking and Dagenham",2100
2023-06-01,"Barking and Dagenham",2072
2023-07-01,"Barking and Dagenham",2130
2023-08-01,"Barking and Dagenham",2034
2023-09-01,"Barking and Dagenham",2130
2023-10-01,"Barking and Dagenham",1683
2023-11-01,"Barking and Dagenham",1747
2023-12-01,"Barking and Dagenham",1835
2024-01-01,"Barking and Dagenham",1839
2024-02-01,"Barking and Dagenham",1799
2024-03-01,"Barking and Dagenham",1839
2024-04-01,"Barking and Dagenham",1644
2024-05-01,"Barking and Dagenham",1776
2024-06-01,"Barking and Dagenham",1736
2024-07-01,"Barking and Dagenham",1847
2024-08-01,"Barking and Dagenham",1685
2024-09-01,"Barking and Dagenham",1857
2024-10-01,"Barking and Dagenham",2069
2024-11-01,"Barking and Dagenham",2057
2020-12-01,"Barnet",2368
2021-01-01,"Barnet",2023
2021-02-01,"Barnet",2092
2021-03-01,"Barnet",2732
2021-04-01,"Barnet",2455
2021-05-01,"Barnet",2580
2021-06-01,"Barnet",2676
2021-07-01,"Barnet",2472
2021-08-01,"Barnet",2303
2021-09-01,"Barnet",2430
2021-10-01,"Barnet",2608
2021-11-01,"Barnet",2463
2021-12-01,"Barnet",2399
2022-01-01,"Barnet",2463
2022-02-01,"Barnet",2405
2022-03-01,"Barnet",2646
2022-04-01,"Barnet",2329
2022-05-01,"Barnet",2684
2022-06-01,"Barnet",2439
2022-07-01,"Barnet",2443
2022-08-01,"Barnet",2432
2022-09-01,"Barnet",2464
2022-10-01,"Barnet",2499
2022-11-01,"Barnet",2625
2022-12-01,"Barnet",2264
2023-01-01,"Barnet",2531
2023-02-01,"Barnet",2288
2023-03-01,"Barnet",2595
2023-04-01,"Barnet",2342
2023-05-01,"Barnet",2549
2023-06-01,"Barnet",2559
2023-07-01,"Barnet",2614
2023-08-01,"Barnet",2387
2023-09-01,"Barnet",2393
2023-10-01,"Barnet",2571
2023-11-01,"Barnet",2650
2023-12-01,"Barnet",2468
2024-01-01,"Barnet",2508
2024-02-01,"Barnet",2486
2024-03-01,"Barnet",2420
2024-04-01,"Barnet",2347
2024-05-01,"Barnet",2512
2024-06-01,"Barnet",2448
2024-07-01,"Barnet",2628
2024-08-01,"Barnet",2363
2024-09-01,"Barnet",2541
2024-10-01,"Barnet",2674
2024-11-01,"Barnet",2708
2020-12-01,"Bexley",1325
2021-01-01,"Bexley",1249
2021-02-01,"Bexley",1142
2021-03-01,"Bexley",1375
2021-04-01,"Bexley",1288
2021-05-01,"Bexley",1329
2021-06-01,"Bexley",1405
2021-07-01,"Bexley",1399
2021-08-01,"Bexley",1362
2021-09-01,"Bexley",1409
2021-10-01,"Bexley",1486
2021-11-01,"Bexley",1592
2021-12-01,"Bexley",1424
2022-01-01,"Bexley",1418
2022-02-01,"Bexley",1433
2022-03-01,"Bexley",1593
2022-04-01,"Bexley",1334
2022-05-01,"Bexley",1490
2022-06-01,"Bexley",1508
2022-07-01,"Bexley",1347
2022-08-01,"Bexley",1424
2022-09-01,"Bexley",1509
2022-10-01,"Bexley",1468
2022-11-01,"Bexley",1525
2022-12-01,"Bexley",1257
2023-01-01,"Bexley",1487
2023-02-01,"Bexley",1404
2023-03-01,"Bexley",1503
2023-04-01,"Bexley",1432
2023-05-01,"Bexley",1571
2023-06-01,"Bexley",1472
2023-07-01,"Bexley",1521
2023-08-01,"Bexley",1499
2023-09-01,"Bexley",1563
2023-10-01,"Bexley",1448
2023-11-01,"Bexley",1520
2023-12-01,"Bexley",1547
2024-01-01,"Bexley",1563
2024-02-01,"Bexley",1420
2024-03-01,"Bexley",1572
2024-04-01,"Bexley",1518
2024-05-01,"Bexley",1424
2024-06-01,"Bexley",1590
2024-07-01,"Bexley",1593
2024-08-01,"Bexley",1537
2024-09-01,"Bexley",1409
2024-10-01,"Bexley",1565
2024-11-01,"Bexley",1550
2020-12-01,"Brent",2521
2021-01-01,"Brent",2271
2021-02-01,"Brent",2338
2021-03-01,"Brent",2485
2021-04-01,"Brent",2352
2021-05-01,"Brent",2653
2021-06-01,"Brent",2641
2021-07-01,"Brent",2872
2021-08-01,"Brent",2669
2021-09-01,"Brent",2562
2021-10-01,"Brent",2908
2021-11-01,"Brent",2623
2021-12-01,"Brent",2374
2022-01-01,"Brent",2592
2022-02-01,"Brent",2626
2022-03-01,"Brent",2957
2022-04-01,"Brent",2616
2022-05-01,"Brent",2799
2022-06-01,"Brent",2815
2022-07-01,"Brent",2762
2022-08-01,"Brent",2782
2022-09-01,"Brent",2721
2022-10-01,"Brent",2700
2022-11-01,"Brent",2693
2022-12-01,"Brent",2422
2023-01-01,"Brent",2698
2023-02-01,"Brent",2492
2023-03-01,"Brent",2787
2023-04-01,"Brent",2656
2023-05-01,"Brent",3097
2023-06-01,"Brent",3138
2023-07-01,"Brent",3021
2023-08-01,"Brent",2797
2023-09-01,"Brent",2933
2023-10-01,"Brent",2745
2023-11-01,"Brent",2807
2023-12-01,"Brent",2802
2024-01-01,"Brent",2779
2024-02-01,"Brent",2815
2024-03-01,"Brent",2842
2024-04-01,"Brent",2739
2024-05-01,"Brent",2882
2024-06-01,"Brent",3025
2024-07-01,"Brent",2984
2024-08-01,"Brent",2788
2024-09-01,"Brent",2996
2024-10-01,"Brent",3092
2024-11-01,"Brent",2985
2020-12-01,"Bromley",1849
2021-01-01,"Bromley",1702
2021-02-01,"Bromley",1784
2021-03-01,"Bromley",2031
2021-04-01,"Bromley",2061
2021-05-01,"Bromley",2079
2021-06-01,"Bromley",2003
2021-07-01,"Bromley",2155
2021-08-01,"Bromley",1836
2021-09-01,"Bromley",2183
2021-10-01,"Bromley",2277
2021-11-01,"Bromley",2387
2021-12-01,"Bromley",2201
2022-01-01,"Bromley",2164
2022-02-01,"Bromley",2054
2022-03-01,"Bromley",2220
2022-04-01,"Bromley",2077
2022-05-01,"Bromley",2195
2022-06-01,"Bromley",2207
2022-07-01,"Bromley",2227
2022-08-01,"Bromley",2047
2022-09-01,"Bromley",2011
2022-10-01,"Bromley",2042
2022-11-01,"Bromley",2110
2022-12-01,"Bromley",1933
2023-01-01,"Bromley",2042
2023-02-01,"Bromley",2030
2023-03-01,"Bromley",2222
2023-04-01,"Bromley",2024
2023-05-01,"Bromley",2220
2023-06-01,"Bromley",2162
2023-07-01,"Bromley",2211
2023-08-01,"Bromley",2210
2023-09-01,"Bromley",2207
2023-10-01,"Bromley",2030
2023-11-01,"Bromley",2255
2023-12-01,"Bromley",2081
2024-01-01,"Bromley",2082
2024-02-01,"Bromley",2100
2024-03-01,"Bromley",2112
2024-04-01,"Bromley",2062
2024-05-01,"Bromley",2071
2024-06-01,"Bromley",2068
2024-07-01,"Bromley",2285
2024-08-01,"Bromley",2224
2024-09-01,"Bromley",2229
2024-10-01,"Bromley",2216
2024-11-01,"Bromley",2304
2020-12-01,"Camden",2227
2021-01-01,"Camden",1845
2021-02-01,"Camden",1876
2021-03-01,"Camden",2277
2021-04-01,"Camden",2320
2021-05-01,"Camden",2579
2021-06-01,"Camden",2751
2021-07-01,"Camden",2853
2021-08-01,"Camden",2765
2021-09-01,"Camden",2585
2021-10-01,"Camden",3009
2021-11-01,"Camden",2970
2021-12-01,"Camden",2617
2022-01-01,"Camden",2667
2022-02-01,"Camden",2840
2022-03-01,"Camden",3224
2022-04-01,"Camden",3093
2022-05-01,"Camden",3295
2022-06-01,"Camden",3112
2022-07-01,"Camden",3286
2022-08-01,"Camden",3098
2022-09-01,"Camden",3041
2022-10-01,"Camden",3474
2022-11-01,"Camden",3415
2022-12-01,"Camden",2808
2023-01-01,"Camden",3150
2023-02-01,"Camden",3098
2023-03-01,"Camden",3536
2023-04-01,"Camden",3458
2023-05-01,"Camden",3697
2023-06-01,"Camden",3760
2023-07-01,"Camden",3651
2023-08-01,"Camden",3395
2023-09-01,"Camden",3585
2023-10-01,"Camden",3642
2023-11-01,"Camden",3853
2023-12-01,"Camden",3358
2024-01-01,"Camden",3448
2024-02-01,"Camden",3870
2024-03-01,"Camden",3686
2024-04-01,"Camden",3559
2024-05-01,"Camden",3589
2024-06-01,"Camden",3931
2024-07-01,"Camden",3951
2024-08-01,"Camden",3522
2024-09-01,"Camden",3594
2024-10-01,"Camden",4042
2024-11-01,"Camden",4084
2020-12-01,"Croydon",2775
2021-01-01,"Croydon",2820
2021-02-01,"Croydon",2615
2021-03-01,"Croydon",2990
2021-04-01,"Croydon",2840
2021-05-01,"Croydon",2935
2021-06-01,"Croydon",3053
2021-07-01,"Croydon",3050
2021-08-01,"Croydon",3104
2021-09-01,"Croydon",2962
2021-10-01,"Croydon",3324
2021-11-01,"Croydon",3288
2021-12-01,"Croydon",3013
2022-01-01,"Croydon",3097
2022-02-01,"Croydon",2917
2022-03-01,"Croydon",3145
2022-04-01,"Croydon",2914
2022-05-01,"Croydon",3273
2022-06-01,"Croydon",3191
2022-07-01,"Croydon",3227
2022-08-01,"Croydon",3035
2022-09-01,"Croydon",3197
2022-10-01,"Croydon",3140
2022-11-01,"Croydon",3006
2022-12-01,"Croydon",2740
2023-01-01,"Croydon",2812
2023-02-01,"Croydon",2651
2023-03-01,"Croydon",3074
2023-04-01,"Croydon",2645
2023-05-01,"Croydon",3029
2023-06-01,"Croydon",3207
2023-07-01,"Croydon",3273
2023-08-01,"Croydon",3136
2023-09-01,"Croydon",3203
2023-10-01,"Croydon",3062
2023-11-01,"Croydon",3141
2023-12-01,"Croydon",2991
2024-01-01,"Croydon",3213
2024-02-01,"Croydon",2947
2024-03-01,"Croydon",3122
2024-04-01,"Croydon",2856
2024-05-01,"Croydon",3073
2024-06-01,"Croydon",3085
2024-07-01,"Croydon",3192
2024-08-01,"Croydon",3358
2024-09-01,"Croydon",3191
2024-10-01,"Croydon",3365
2024-11-01,"Croydon",3248
2020-12-01,"Ealing",2458
2021-01-01,"Ealing",2350
2021-02-01,"Ealing",2234
2021-03-01,"Ealing",2595
2021-04-01,"Ealing",2534
2021-05-01,"Ealing",2642
2021-06-01,"Ealing",2777
2021-07-01,"Ealing",2702
2021-08-01,"Ealing",2412
2021-09-01,"Ealing",2641
2021-10-01,"Ealing",2782
2021-11-01,"Ealing",2887
2021-12-01,"Ealing",2442
2022-01-01,"Ealing",2522
2022-02-01,"Ealing",2513
2022-03-01,"Ealing",2760
2022-04-01,"Ealing",2438
2022-05-01,"Ealing",2799
2022-06-01,"Ealing",2704
2022-07-01,"Ealing",2747
2022-08-01,"Ealing",2661
2022-09-01,"Ealing",2544
2022-10-01,"Ealing",2759
2022-11-01,"Ealing",2655
2022-12-01,"Ealing",2343
2023-01-01,"Ealing",2605
2023-02-01,"Ealing",2612
2023-03-01,"Ealing",2869
2023-04-01,"Ealing",2416
2023-05-01,"Ealing",3013
2023-06-01,"Ealing",2852
2023-07-01,"Ealing",3015
2023-08-01,"Ealing",2844
2023-09-01,"Ealing",3003
2023-10-01,"Ealing",2883
2023-11-01,"Ealing",2892
2023-12-01,"Ealing",2710
2024-01-01,"Ealing",2700
2024-02-01,"Ealing",2776
2024-03-01,"Ealing",2755
2024-04-01,"Ealing",2594
2024-05-01,"Ealing",2666
2024-06-01,"Ealing",2834
2024-07-01,"Ealing",2888
2024-08-01,"Ealing",2616
2024-09-01,"Ealing",2749
2024-10-01,"Ealing",2911
2024-11-01,"Ealing",2970
2020-12-01,"Enfield",2444
2021-01-01,"Enfield",2279
2021-02-01,"Enfield",2065
2021-03-01,"Enfield",2776
2021-04-01,"Enfield",2532
2021-05-01,"Enfield",2730
2021-06-01,"Enfield",2784
2021-07-01,"Enfield",2615
2021-08-01,"Enfield",2560
2021-09-01,"Enfield",2566
2021-10-01,"Enfield",2767
2021-11-01,"Enfield",2841
2021-12-01,"Enfield",2694
2022-01-01,"Enfield",2751
2022-02-01,"Enfield",2605
2022-03-01,"Enfield",3050
2022-04-01,"Enfield",2511
2022-05-01,"Enfield",2917
2022-06-01,"Enfield",2942
2022-07-01,"Enfield",2787
2022-08-01,"Enfield",2724
2022-09-01,"Enfield",2602
2022-10-01,"Enfield",2691
2022-11-01,"Enfield",2736
2022-12-01,"Enfield",2451
2023-01-01,"Enfield",2825
2023-02-01,"Enfield",2415
2023-03-01,"Enfield",2796
2023-04-01,"Enfield",2445
2023-05-01,"Enfield",2756
2023-06-01,"Enfield",2699
2023-07-01,"Enfield",2590
2023-08-01,"Enfield",2484
2023-09-01,"Enfield",2670
2023-10-01,"Enfield",2493
2023-11-01,"Enfield",2642
2023-12-01,"Enfield",2652
2024-01-01,"Enfield",2631
2024-02-01,"Enfield",2386
2024-03-01,"Enfield",2381
2024-04-01,"Enfield",2417
2024-05-01,"Enfield",2690
2024-06-01,"Enfield",2574
2024-07-01,"Enfield",2610
2024-08-01,"Enfield",2568
2024-09-01,"Enfield",2936
2024-10-01,"Enfield",2903
2024-11-01,"Enfield",2929
2020-12-01,"Greenwich",2032
2021-01-01,"Greenwich",2048
2021-02-01,"Greenwich",1993
2021-03-01,"Greenwich",2492
2021-04-01,"Greenwich",2282
2021-05-01,"Greenwich",2520
2021-06-01,"Greenwich",2508
2021-07-01,"Greenwich",2448
2021-08-01,"Greenwich",2317
2021-09-01,"Greenwich",2347
2021-10-01,"Greenwich",2548
2021-11-01,"Greenwich",2572
2021-12-01,"Greenwich",2249
2022-01-01,"Greenwich",2392
2022-02-01,"Greenwich",2355
2022-03-01,"Greenwich",2693
2022-04-01,"Greenwich",2258
2022-05-01,"Greenwich",2591
2022-06-01,"Greenwich",2582
2022-07-01,"Greenwich",2600
2022-08-01,"Greenwich",2375
2022-09-01,"Greenwich",2327
2022-10-01,"Greenwich",2521
2022-11-01,"Greenwich",2455
2022-12-01,"Greenwich",2141
2023-01-01,"Greenwich",2389
2023-02-01,"Greenwich",2296
2023-03-01,"Greenwich",2502
2023-04-01,"Greenwich",2344
2023-05-01,"Greenwich",2716
2023-06-01,"Greenwich",2821
2023-07-01,"Greenwich",2719
2023-08-01,"Greenwich",2496
2023-09-01,"Greenwich",2711
2023-10-01,"Greenwich",2335
2023-11-01,"Greenwich",2513
2023-12-01,"Greenwich",2506
2024-01-01,"Greenwich",2549
2024-02-01,"Greenwich",2273
2024-03-01,"Greenwich",2399
2024-04-01,"Greenwich",2286
2024-05-01,"Greenwich",2573
2024-06-01,"Greenwich",2483
2024-07-01,"Greenwich",2498
2024-08-01,"Greenwich",2485
2024-09-01,"Greenwich",2695
2024-10-01,"Greenwich",2751
2024-11-01,"Greenwich",2736
2020-12-01,"Hackney",2558
2021-01-01,"Hackney",2457
2021-02-01,"Hackney",2269
2021-03-01,"Hackney",2542
2021-04-01,"Hackney",2560
2021-05-01,"Hackney",2717
2021-06-01,"Hackney",2823
2021-07-01,"Hackney",3011
2021-08-01,"Hackney",2785
2021-09-01,"Hackney",3155
2021-10-01,"Hackney",3374
2021-11-01,"Hackney",3210
2021-12-01,"Hackney",2633
2022-01-01,"Hackney",2854
2022-02-01,"Hackney",2592
2022-03-01,"Hackney",3026
2022-04-01,"Hackney",2674
2022-05-01,"Hackney",3217
2022-06-01,"Hackney",3046
2022-07-01,"Hackney",2951
2022-08-01,"Hackney",2846
2022-09-01,"Hackney",2652
2022-10-01,"Hackney",2992
2022-11-01,"Hackney",2852
2022-12-01,"Hackney",2461
2023-01-01,"Hackney",2654
2023-02-01,"Hackney",2518
2023-03-01,"Hackney",2877
2023-04-01,"Hackney",2511
2023-05-01,"Hackney",2918
2023-06-01,"Hackney",3115
2023-07-01,"Hackney",3058
2023-08-01,"Hackney",2880
2023-09-01,"Hackney",2910
2023-10-01,"Hackney",2864
2023-11-01,"Hackney",2958
2023-12-01,"Hackney",2916
2024-01-01,"Hackney",3012
2024-02-01,"Hackney",2860
2024-03-01,"Hackney",2804
2024-04-01,"Hackney",2854
2024-05-01,"Hackney",3187
2024-06-01,"Hackney",2878
2024-07-01,"Hackney",2906
2024-08-01,"Hackney",3074
2024-09-01,"Hackney",3038
2024-10-01,"Hackney",3317
2024-11-01,"Hackney",3239
2020-12-01,"Hammersmith and Fulham",1562
2021-01-01,"Hammersmith and Fulham",1502
2021-02-01,"Hammersmith and Fulham",1468
2021-03-01,"Hammersmith and Fulham",1795
2021-04-01,"Hammersmith and Fulham",1678
2021-05-01,"Hammersmith and Fulham",1901
2021-06-01,"Hammersmith and Fulham",1957
2021-07-01,"Hammersmith and Fulham",1935
2021-08-01,"Hammersmith and Fulham",1701
2021-09-01,"Hammersmith and Fulham",1940
2021-10-01,"Hammersmith and Fulham",1958
2021-11-01,"Hammersmith and Fulham",1987
2021-12-01,"Hammersmith and Fulham",1716
2022-01-01,"Hammersmith and Fulham",1692
2022-02-01,"Hammersmith and Fulham",1718
2022-03-01,"Hammersmith and Fulham",1868
2022-04-01,"Hammersmith and Fulham",1807
2022-05-01,"Hammersmith and Fulham",1845
2022-06-01,"Hammersmith and Fulham",1866
2022-07-01,"Hammersmith and Fulham",1872
2022-08-01,"Hammersmith and Fulham",1970
2022-09-01,"Hammersmith and Fulham",1867
2022-10-01,"Hammersmith and Fulham",1875
2022-11-01,"Hammersmith and Fulham",1732
2022-12-01,"Hammersmith and Fulham",1613
2023-01-01,"Hammersmith and Fulham",1781
2023-02-01,"Hammersmith and Fulham",1772
2023-03-01,"Hammersmith and Fulham",1994
2023-04-01,"Hammersmith and Fulham",1929
2023-05-01,"Hammersmith and Fulham",2176
2023-06-01,"Hammersmith and Fulham",2052
2023-07-01,"Hammersmith and Fulham",2050
2023-08-01,"Hammersmith and Fulham",1965
2023-09-01,"Hammersmith and Fulham",2052
2023-10-01,"Hammersmith and Fulham",2022
2023-11-01,"Hammersmith and Fulham",2020
2023-12-01,"Hammersmith and Fulham",1882
2024-01-01,"Hammersmith and Fulham",1934
2024-02-01,"Hammersmith and Fulham",1916
2024-03-01,"Hammersmith and Fulham",1896
2024-04-01,"Hammersmith and Fulham",1773
2024-05-01,"Hammersmith and Fulham",1855
2024-06-01,"Hammersmith and Fulham",1841
2024-07-01,"Hammersmith and Fulham",1918
2024-08-01,"Hammersmith and Fulham",1960
2024-09-01,"Hammersmith and Fulham",1973
2024-10-01,"Hammersmith and Fulham",2127
2024-11-01,"Hammersmith and Fulham",2068
2020-12-01,"Haringey",2589
2021-01-01,"Haringey",2166
2021-02-01,"Haringey",2099
2021-03-01,"Haringey",2527
2021-04-01,"Haringey",2388
2021-05-01,"Haringey",2706
2021-06-01,"Haringey",2843
2021-07-01,"Haringey",2784
2021-08-01,"Haringey",2679
2021-09-01,"Haringey",2714
2021-10-01,"Haringey",2653
2021-11-01,"Haringey",2640
2021-12-01,"Haringey",2685
2022-01-01,"Haringey",2566
2022-02-01,"Haringey",2436
2022-03-01,"Haringey",2585
2022-04-01,"Haringey",2387
2022-05-01,"Haringey",2736
2022-06-01,"Haringey",2615
2022-07-01,"Haringey",2699
2022-08-01,"Haringey",2523
2022-09-01,"Haringey",2678
2022-10-01,"Haringey",2588
2022-11-01,"Haringey",2612
2022-12-01,"Haringey",2423
2023-01-01,"Haringey",2774
2023-02-01,"Haringey",2506
2023-03-01,"Haringey",2968
2023-04-01,"Haringey",2526
2023-05-01,"Haringey",2701
2023-06-01,"Haringey",2722
2023-07-01,"Haringey",2932
2023-08-01,"Haringey",2584
2023-09-01,"Haringey",2744
2023-10-01,"Haringey",2662
2023-11-01,"Haringey",2682
2023-12-01,"Haringey",2520
2024-01-01,"Haringey",2511
2024-02-01,"Haringey",2453
2024-03-01,"Haringey",2384
2024-04-01,"Haringey",2354
2024-05-01,"Haringey",2645
2024-06-01,"Haringey",2472
2024-07-01,"Haringey",2751
2024-08-01,"Haringey",2559
2024-09-01,"Haringey",2616
2024-10-01,"Haringey",2738
2024-11-01,"Haringey",2559
2020-12-01,"Harrow",1394
2021-01-01,"Harrow",1266
2021-02-01,"Harrow",1206
2021-03-01,"Harrow",1387
2021-04-01,"Harrow",1344
2021-05-01,"Harrow",1325
2021-06-01,"Harrow",1434
2021-07-01,"Harrow",1476
2021-08-01,"Harrow",1278
2021-09-01,"Harrow",1335
2021-10-01,"Harrow",1515
2021-11-01,"Harrow",1470
2021-12-01,"Harrow",1383
2022-01-01,"Harrow",1347
2022-02-01,"Harrow",1298
2022-03-01,"Harrow",1453
2022-04-01,"Harrow",1256
2022-05-01,"Harrow",1410
2022-06-01,"Harrow",1432
2022-07-01,"Harrow",1429
2022-08-01,"Harrow",1363
2022-09-01,"Harrow",1376
2022-10-01,"Harrow",1575
2022-11-01,"Harrow",1477
2022-12-01,"Harrow",1189
2023-01-01,"Harrow",1389
2023-02-01,"Harrow",1325
2023-03-01,"Harrow",1410
2023-04-01,"Harrow",1322
2023-05-01,"Harrow",1446
2023-06-01,"Harrow",1457
2023-07-01,"Harrow",1373
2023-08-01,"Harrow",1321
2023-09-01,"Harrow",1413
2023-10-01,"Harrow",1314
2023-11-01,"Harrow",1362
2023-12-01,"Harrow",1390
2024-01-01,"Harrow",1387
2024-02-01,"Harrow",1416
2024-03-01,"Harrow",1441
2024-04-01,"Harrow",1340
2024-05-01,"Harrow",1426
2024-06-01,"Harrow",1289
2024-07-01,"Harrow",1451
2024-08-01,"Harrow",1444
2024-09-01,"Harrow",1610
2024-10-01,"Harrow",1705
2024-11-01,"Harrow",1602
2020-12-01,"Havering",1477
2021-01-01,"Havering",1342
2021-02-01,"Havering",1367
2021-03-01,"Havering",1569
2021-04-01,"Havering",1522
2021-05-01,"Havering",1610
2021-06-01,"Havering",1524
2021-07-01,"Havering",1785
2021-08-01,"Havering",1567
2021-09-01,"Havering",1542
2021-10-01,"Havering",1754
2021-11-01,"Havering",1770
2021-12-01,"Havering",1544
2022-01-01,"Havering",1661
2022-02-01,"Havering",1698
2022-03-01,"Havering",1896
2022-04-01,"Havering",1661
2022-05-01,"Havering",1972
2022-06-01,"Havering",1866
2022-07-01,"Havering",1821
2022-08-01,"Havering",1870
2022-09-01,"Havering",1730
2022-10-01,"Havering",1794
2022-11-01,"Havering",1857
2022-12-01,"Havering",1667
2023-01-01,"Havering",1953
2023-02-01,"Havering",1761
2023-03-01,"Havering",1940
2023-04-01,"Havering",1801
2023-05-01,"Havering",1907
2023-06-01,"Havering",2022
2023-07-01,"Havering",1997
2023-08-01,"Havering",1962
2023-09-01,"Havering",2046
2023-10-01,"Havering",2059
2023-11-01,"Havering",2023
2023-12-01,"Havering",1857
2024-01-01,"Havering",1917
2024-02-01,"Havering",1931
2024-03-01,"Havering",1745
2024-04-01,"Havering",1801
2024-05-01,"Havering",1844
2024-06-01,"Havering",1844
2024-07-01,"Havering",1952
2024-08-01,"Havering",1814
2024-09-01,"Havering",1775
2024-10-01,"Havering",1859
2024-11-01,"Havering",1947
2020-12-01,"Hillingdon",2155
2021-01-01,"Hillingdon",2118
2021-02-01,"Hillingdon",2011
2021-03-01,"Hillingdon",2288
2021-04-01,"Hillingdon",2159
2021-05-01,"Hillingdon",2357
2021-06-01,"Hillingdon",2408
2021-07-01,"Hillingdon",2416
2021-08-01,"Hillingdon",2083
2021-09-01,"Hillingdon",2213
2021-10-01,"Hillingdon",2703
2021-11-01,"Hillingdon",2580
2021-12-01,"Hillingdon",2422
2022-01-01,"Hillingdon",2343
2022-02-01,"Hillingdon",2224
2022-03-01,"Hillingdon",2543
2022-04-01,"Hillingdon",2287
2022-05-01,"Hillingdon",2639
2022-06-01,"Hillingdon",2590
2022-07-01,"Hillingdon",2448
2022-08-01,"Hillingdon",2560
2022-09-01,"Hillingdon",2493
2022-10-01,"Hillingdon",2746
2022-11-01,"Hillingdon",2624
2022-12-01,"Hillingdon",2434
2023-01-01,"Hillingdon",2587
2023-02-01,"Hillingdon",2350
2023-03-01,"Hillingdon",2433
2023-04-01,"Hillingdon",2080
2023-05-01,"Hillingdon",2148
2023-06-01,"Hillingdon",2156
2023-07-01,"Hillingdon",2124
2023-08-01,"Hillingdon",2071
2023-09-01,"Hillingdon",2127
2023-10-01,"Hillingdon",2072
2023-11-01,"Hillingdon",2051
2023-12-01,"Hillingdon",1986
2024-01-01,"Hillingdon",2172
2024-02-01,"Hillingdon",2080
2024-03-01,"Hillingdon",2453
2024-04-01,"Hillingdon",2439
2024-05-01,"Hillingdon",2627
2024-06-01,"Hillingdon",2751
2024-07-01,"Hillingdon",2932
2024-08-01,"Hillingdon",2915
2024-09-01,"Hillingdon",2604
2024-10-01,"Hillingdon",2915
2024-11-01,"Hillingdon",2830
2020-12-01,"Hounslow",1937
2021-01-01,"Hounslow",1858
2021-02-01,"Hounslow",1844
2021-03-01,"Hounslow",2273
2021-04-01,"Hounslow",2082
2021-05-01,"Hounslow",2230
2021-06-01,"Hounslow",2335
2021-07-01,"Hounslow",2317
2021-08-01,"Hounslow",2128
2021-09-01,"Hounslow",2131
2021-10-01,"Hounslow",2337
2021-11-01,"Hounslow",2346
2021-12-01,"Hounslow",2033
2022-01-01,"Hounslow",2149
2022-02-01,"Hounslow",2090
2022-03-01,"Hounslow",2329
2022-04-01,"Hounslow",2142
2022-05-01,"Hounslow",2381
2022-06-01,"Hounslow",2274
2022-07-01,"Hounslow",2199
2022-08-01,"Hounslow",2215
2022-09-01,"Hounslow",2257
2022-10-01,"Hounslow",2325
2022-11-01,"Hounslow",2254
2022-12-01,"Hounslow",2034
2023-01-01,"Hounslow",2195
2023-02-01,"Hounslow",2118
2023-03-01,"Hounslow",2307
2023-04-01,"Hounslow",2171
2023-05-01,"Hounslow",2568
2023-06-01,"Hounslow",2506
2023-07-01,"Hounslow",2644
2023-08-01,"Hounslow",2630
2023-09-01,"Hounslow",2773
2023-10-01,"Hounslow",2408
2023-11-01,"Hounslow",2565
2023-12-01,"Hounslow",2348
2024-01-01,"Hounslow",2293
2024-02-01,"Hounslow",2344
2024-03-01,"Hounslow",2214
2024-04-01,"Hounslow",2310
2024-05-01,"Hounslow",2191
2024-06-01,"Hounslow",2280
2024-07-01,"Hounslow",2651
2024-08-01,"Hounslow",2309
2024-09-01,"Hounslow",2369
2024-10-01,"Hounslow",2441
2024-11-01,"Hounslow",2418
2020-12-01,"Islington",2050
2021-01-01,"Islington",1735
2021-02-01,"Islington",1739
2021-03-01,"Islington",2067
2021-04-01,"Islington",2151
2021-05-01,"Islington",2290
2021-06-01,"Islington",2275
2021-07-01,"Islington",2450
2021-08-01,"Islington",2346
2021-09-01,"Islington",2369
2021-10-01,"Islington",2598
2021-11-01,"Islington",2544
2021-12-01,"Islington",2323
2022-01-01,"Islington",2393
2022-02-01,"Islington",2359
2022-03-01,"Islington",2577
2022-04-01,"Islington",2316
2022-05-01,"Islington",2688
2022-06-01,"Islington",2416
2022-07-01,"Islington",2528
2022-08-01,"Islington",2482
2022-09-01,"Islington",2426
2022-10-01,"Islington",2753
2022-11-01,"Islington",2526
2022-12-01,"Islington",2309
2023-01-01,"Islington",2544
2023-02-01,"Islington",2296
2023-03-01,"Islington",2669
2023-04-01,"Islington",2552
2023-05-01,"Islington",2719
2023-06-01,"Islington",2726
2023-07-01,"Islington",2700
2023-08-01,"Islington",2613
2023-09-01,"Islington",2545
2023-10-01,"Islington",2585
2023-11-01,"Islington",2534
2023-12-01,"Islington",2423
2024-01-01,"Islington",2540
2024-02-01,"Islington",2516
2024-03-01,"Islington",2359
2024-04-01,"Islington",2637
2024-05-01,"Islington",2799
2024-06-01,"Islington",2737
2024-07-01,"Islington",2774
2024-08-01,"Islington",2717
2024-09-01,"Islington",2914
2024-10-01,"Islington",2953
2024-11-01,"Islington",2857
2020-12-01,"Kensington and Chelsea",1613
2021-01-01,"Kensington and Chelsea",1211
2021-02-01,"Kensington and Chelsea",1271
2021-03-01,"Kensington and Chelsea",1429
2021-04-01,"Kensington and Chelsea",1577
2021-05-01,"Kensington and Chelsea",1759
2021-06-01,"Kensington and Chelsea",1697
2021-07-01,"Kensington and Chelsea",1767
2021-08-01,"Kensington and Chelsea",1686
2021-09-01,"Kensington and Chelsea",1936
2021-10-01,"Kensington and Chelsea",1982
2021-11-01,"Kensington and Chelsea",1908
2021-12-01,"Kensington and Chelsea",1840
2022-01-01,"Kensington and Chelsea",1906
2022-02-01,"Kensington and Chelsea",1681
2022-03-01,"Kensington and Chelsea",1930
2022-04-01,"Kensington and Chelsea",1786
2022-05-01,"Kensington and Chelsea",1840
2022-06-01,"Kensington and Chelsea",1851
2022-07-01,"Kensington and Chelsea",1937
2022-08-01,"Kensington and Chelsea",2358
2022-09-01,"Kensington and Chelsea",1786
2022-10-01,"Kensington and Chelsea",2024
2022-11-01,"Kensington and Chelsea",1964
2022-12-01,"Kensington and Chelsea",1782
2023-01-01,"Kensington and Chelsea",1843
2023-02-01,"Kensington and Chelsea",1627
2023-03-01,"Kensington and Chelsea",1865
2023-04-01,"Kensington and Chelsea",1855
2023-05-01,"Kensington and Chelsea",2056
2023-06-01,"Kensington and Chelsea",2068
2023-07-01,"Kensington and Chelsea",2022
2023-08-01,"Kensington and Chelsea",2610
2023-09-01,"Kensington and Chelsea",2077
2023-10-01,"Kensington and Chelsea",2176
2023-11-01,"Kensington and Chelsea",2190
2023-12-01,"Kensington and Chelsea",1919
2024-01-01,"Kensington and Chelsea",1954
2024-02-01,"Kensington and Chelsea",2054
2024-03-01,"Kensington and Chelsea",1935
2024-04-01,"Kensington and Chelsea",1947
2024-05-01,"Kensington and Chelsea",1965
2024-06-01,"Kensington and Chelsea",1931
2024-07-01,"Kensington and Chelsea",1868
2024-08-01,"Kensington and Chelsea",2565
2024-09-01,"Kensington and Chelsea",1969
2024-10-01,"Kensington and Chelsea",2258
2024-11-01,"Kensington and Chelsea",2174
2020-12-01,"Kingston upon Thames",904
2021-01-01,"Kingston upon Thames",802
2021-02-01,"Kingston upon Thames",742
2021-03-01,"Kingston upon Thames",885
2021-04-01,"Kingston upon Thames",1009
2021-05-01,"Kingston upon Thames",985
2021-06-01,"Kingston upon Thames",1245
2021-07-01,"Kingston upon Thames",1152
2021-08-01,"Kingston upon Thames",1015
2021-09-01,"Kingston upon Thames",1120
2021-10-01,"Kingston upon Thames",1175
2021-11-01,"Kingston upon Thames",1159
2021-12-01,"Kingston upon Thames",1165
2022-01-01,"Kingston upon Thames",1123
2022-02-01,"Kingston upon Thames",1016
2022-03-01,"Kingston upon Thames",1172
2022-04-01,"Kingston upon Thames",1029
2022-05-01,"Kingston upon Thames",1179
2022-06-01,"Kingston upon Thames",1099
2022-07-01,"Kingston upon Thames",1010
2022-08-01,"Kingston upon Thames",999
2022-09-01,"Kingston upon Thames",1062
2022-10-01,"Kingston upon Thames",1136
2022-11-01,"Kingston upon Thames",1171
2022-12-01,"Kingston upon Thames",1038
2023-01-01,"Kingston upon Thames",1145
2023-02-01,"Kingston upon Thames",1098
2023-03-01,"Kingston upon Thames",1191
2023-04-01,"Kingston upon Thames",1086
2023-05-01,"Kingston upon Thames",1182
2023-06-01,"Kingston upon Thames",1181
2023-07-01,"Kingston upon Thames",1162
2023-08-01,"Kingston upon Thames",1143
2023-09-01,"Kingston upon Thames",1113
2023-10-01,"Kingston upon Thames",1103
2023-11-01,"Kingston upon Thames",1087
2023-12-01,"Kingston upon Thames",1017
2024-01-01,"Kingston upon Thames",1039
2024-02-01,"Kingston upon Thames",1045
2024-03-01,"Kingston upon Thames",939
2024-04-01,"Kingston upon Thames",957
2024-05-01,"Kingston upon Thames",932
2024-06-01,"Kingston upon Thames",1078
2024-07-01,"Kingston upon Thames",1144
2024-08-01,"Kingston upon Thames",1080
2024-09-01,"Kingston upon Thames",1028
2024-10-01,"Kingston upon Thames",1056
2024-11-01,"Kingston upon Thames",1069
2020-12-01,"Lambeth",2491
2021-01-01,"Lambeth",2331
2021-02-01,"Lambeth",2356
2021-03-01,"Lambeth",2876
2021-04-01,"Lambeth",2772
2021-05-01,"Lambeth",3032
2021-06-01,"Lambeth",3166
2021-07-01,"Lambeth",3213
2021-08-01,"Lambeth",3024
2021-09-01,"Lambeth",3347
2021-10-01,"Lambeth",3446
2021-11-01,"Lambeth",3195
2021-12-01,"Lambeth",2670
2022-01-01,"Lambeth",2917
2022-02-01,"Lambeth",2751
2022-03-01,"Lambeth",3075
2022-04-01,"Lambeth",2742
2022-05-01,"Lambeth",3156
2022-06-01,"Lambeth",3209
2022-07-01,"Lambeth",3388
2022-08-01,"Lambeth",3265
2022-09-01,"Lambeth",2956
2022-10-01,"Lambeth",3177
2022-11-01,"Lambeth",2933
2022-12-01,"Lambeth",2751
2023-01-01,"Lambeth",3041
2023-02-01,"Lambeth",2802
2023-03-01,"Lambeth",3035
2023-04-01,"Lambeth",3082
2023-05-01,"Lambeth",3297
2023-06-01,"Lambeth",3447
2023-07-01,"Lambeth",3407
2023-08-01,"Lambeth",3304
2023-09-01,"Lambeth",3209
2023-10-01,"Lambeth",3227
2023-11-01,"Lambeth",3179
2023-12-01,"Lambeth",3249
2024-01-01,"Lambeth",3121
2024-02-01,"Lambeth",3141
2024-03-01,"Lambeth",3279
2024-04-01,"Lambeth",3204
2024-05-01,"Lambeth",3513
2024-06-01,"Lambeth",3596
2024-07-01,"Lambeth",3503
2024-08-01,"Lambeth",3529
2024-09-01,"Lambeth",3611
2024-10-01,"Lambeth",3625
2024-11-01,"Lambeth",3318
2020-12-01,"Lewisham",2284
2021-01-01,"Lewisham",2266
2021-02-01,"Lewisham",2048
2021-03-01,"Lewisham",2431
2021-04-01,"Lewisham",2346
2021-05-01,"Lewisham",2546
2021-06-01,"Lewisham",2560
2021-07-01,"Lewisham",2538
2021-08-01,"Lewisham",2257
2021-09-01,"Lewisham",2457
2021-10-01,"Lewisham",2774
2021-11-01,"Lewisham",2579
2021-12-01,"Lewisham",2390
2022-01-01,"Lewisham",2488
2022-02-01,"Lewisham",2366
2022-03-01,"Lewisham",2726
2022-04-01,"Lewisham",2357
2022-05-01,"Lewisham",2583
2022-06-01,"Lewisham",2606
2022-07-01,"Lewisham",2668
2022-08-01,"Lewisham",2638
2022-09-01,"Lewisham",2542
2022-10-01,"Lewisham",2611
2022-11-01,"Lewisham",2386
2022-12-01,"Lewisham",2404
2023-01-01,"Lewisham",2539
2023-02-01,"Lewisham",2423
2023-03-01,"Lewisham",2740
2023-04-01,"Lewisham",2548
2023-05-01,"Lewisham",2825
2023-06-01,"Lewisham",3037
2023-07-01,"Lewisham",2824
2023-08-01,"Lewisham",2839
2023-09-01,"Lewisham",2758
2023-10-01,"Lewisham",2501
2023-11-01,"Lewisham",2544
2023-12-01,"Lewisham",2509
2024-01-01,"Lewisham",2597
2024-02-01,"Lewisham",2479
2024-03-01,"Lewisham",2661
2024-04-01,"Lewisham",2607
2024-05-01,"Lewisham",2720
2024-06-01,"Lewisham",2815
2024-07-01,"Lewisham",2984
2024-08-01,"Lewisham",2678
2024-09-01,"Lewisham",2726
2024-10-01,"Lewisham",2957
2024-11-01,"Lewisham",2809
2020-12-01,"Merton",1105
2021-01-01,"Merton",1101
2021-02-01,"Merton",972
2021-03-01,"Merton",1272
2021-04-01,"Merton",1147
2021-05-01,"Merton",1180
2021-06-01,"Merton",1288
2021-07-01,"Merton",1251
2021-08-01,"Merton",1190
2021-09-01,"Merton",1270
2021-10-01,"Merton",1356
2021-11-01,"Merton",1184
2021-12-01,"Merton",1116
2022-01-01,"Merton",1189
2022-02-01,"Merton",1161
2022-03-01,"Merton",1342
2022-04-01,"Merton",1190
2022-05-01,"Merton",1334
2022-06-01,"Merton",1363
2022-07-01,"Merton",1437
2022-08-01,"Merton",1240
2022-09-01,"Merton",1296
2022-10-01,"Merton",1349
2022-11-01,"Merton",1268
2022-12-01,"Merton",1115
2023-01-01,"Merton",1233
2023-02-01,"Merton",1125
2023-03-01,"Merton",1258
2023-04-01,"Merton",1170
2023-05-01,"Merton",1328
2023-06-01,"Merton",1391
2023-07-01,"Merton",1387
2023-08-01,"Merton",1244
2023-09-01,"Merton",1404
2023-10-01,"Merton",1346
2023-11-01,"Merton",1251
2023-12-01,"Merton",1212
2024-01-01,"Merton",1266
2024-02-01,"Merton",1208
2024-03-01,"Merton",1119
2024-04-01,"Merton",1186
2024-05-01,"Merton",1215
2024-06-01,"Merton",1226
2024-07-01,"Merton",1346
2024-08-01,"Merton",1263
2024-09-01,"Merton",1347
2024-10-01,"Merton",1298
2024-11-01,"Merton",1284
2020-12-01,"Newham",3181
2021-01-01,"Newham",2778
2021-02-01,"Newham",2650
2021-03-01,"Newham",2992
2021-04-01,"Newham",2890
2021-05-01,"Newham",3085
2021-06-01,"Newham",3091
2021-07-01,"Newham",3230
2021-08-01,"Newham",2942
2021-09-01,"Newham",3168
2021-10-01,"Newham",3643
2021-11-01,"Newham",3306
2021-12-01,"Newham",3101
2022-01-01,"Newham",3359
2022-02-01,"Newham",3347
2022-03-01,"Newham",3553
2022-04-01,"Newham",3091
2022-05-01,"Newham",3382
2022-06-01,"Newham",3306
2022-07-01,"Newham",3242
2022-08-01,"Newham",3155
2022-09-01,"Newham",3148
2022-10-01,"Newham",3406
2022-11-01,"Newham",3377
2022-12-01,"Newham",2976
2023-01-01,"Newham",3179
2023-02-01,"Newham",2960
2023-03-01,"Newham",3238
2023-04-01,"Newham",3089
2023-05-01,"Newham",3374
2023-06-01,"Newham",3594
2023-07-01,"Newham",3461
2023-08-01,"Newham",3436
2023-09-01,"Newham",3582
2023-10-01,"Newham",3428
2023-11-01,"Newham",3767
2023-12-01,"Newham",3689
2024-01-01,"Newham",3428
2024-02-01,"Newham",3402
2024-03-01,"Newham",3448
2024-04-01,"Newham",3636
2024-05-01,"Newham",3489
2024-06-01,"Newham",3554
2024-07-01,"Newham",3596
2024-08-01,"Newham",3615
2024-09-01,"Newham",3755
2024-10-01,"Newham",3976
2024-11-01,"Newham",3862
2020-12-01,"Redbridge",2067
2021-01-01,"Redbridge",2020
2021-02-01,"Redbridge",1892
2021-03-01,"Redbridge",2166
2021-04-01,"Redbridge",2093
2021-05-01,"Redbridge",2358
2021-06-01,"Redbridge",2340
2021-07-01,"Redbridge",2383
2021-08-01,"Redbridge",2036
2021-09-01,"Redbridge",2127
2021-10-01,"Redbridge",2409
2021-11-01,"Redbridge",2413
2021-12-01,"Redbridge",2112
2022-01-01,"Redbridge",2187
2022-02-01,"Redbridge",2122
2022-03-01,"Redbridge",2325
2022-04-01,"Redbridge",2031
2022-05-01,"Redbridge",2322
2022-06-01,"Redbridge",2329
2022-07-01,"Redbridge",2179
2022-08-01,"Redbridge",2088
2022-09-01,"Redbridge",2129
2022-10-01,"Redbridge",2328
2022-11-01,"Redbridge",2223
2022-12-01,"Redbridge",2140
2023-01-01,"Redbridge",2165
2023-02-01,"Redbridge",2086
2023-03-01,"Redbridge",2244
2023-04-01,"Redbridge",2127
2023-05-01,"Redbridge",2366
2023-06-01,"Redbridge",2271
2023-07-01,"Redbridge",2232
2023-08-01,"Redbridge",2269
2023-09-01,"Redbridge",2299
2023-10-01,"Redbridge",2118
2023-11-01,"Redbridge",2093
2023-12-01,"Redbridge",2051
2024-01-01,"Redbridge",2163
2024-02-01,"Redbridge",2173
2024-03-01,"Redbridge",2124
2024-04-01,"Redbridge",1940
2024-05-01,"Redbridge",2200
2024-06-01,"Redbridge",2158
2024-07-01,"Redbridge",2272
2024-08-01,"Redbridge",2085
2024-09-01,"Redbridge",2052
2024-10-01,"Redbridge",2272
2024-11-01,"Redbridge",2170
2020-12-01,"Richmond upon Thames",1009
2021-01-01,"Richmond upon Thames",864
2021-02-01,"Richmond upon Thames",862
2021-03-01,"Richmond upon Thames",1010
2021-04-01,"Richmond upon Thames",988
2021-05-01,"Richmond upon Thames",1042
2021-06-01,"Richmond upon Thames",1088
2021-07-01,"Richmond upon Thames",1020
2021-08-01,"Richmond upon Thames",968
2021-09-01,"Richmond upon Thames",1033
2021-10-01,"Richmond upon Thames",1033
2021-11-01,"Richmond upon Thames",1033
2021-12-01,"Richmond upon Thames",895
2022-01-01,"Richmond upon Thames",1068
2022-02-01,"Richmond upon Thames",934
2022-03-01,"Richmond upon Thames",1024
2022-04-01,"Richmond upon Thames",1048
2022-05-01,"Richmond upon Thames",1132
2022-06-01,"Richmond upon Thames",1044
2022-07-01,"Richmond upon Thames",996
2022-08-01,"Richmond upon Thames",1007
2022-09-01,"Richmond upon Thames",972
2022-10-01,"Richmond upon Thames",1066
2022-11-01,"Richmond upon Thames",1052
2022-12-01,"Richmond upon Thames",955
2023-01-01,"Richmond upon Thames",1024
2023-02-01,"Richmond upon Thames",1019
2023-03-01,"Richmond upon Thames",1112
2023-04-01,"Richmond upon Thames",994
2023-05-01,"Richmond upon Thames",1124
2023-06-01,"Richmond upon Thames",1078
2023-07-01,"Richmond upon Thames",1129
2023-08-01,"Richmond upon Thames",1158
2023-09-01,"Richmond upon Thames",1135
2023-10-01,"Richmond upon Thames",995
2023-11-01,"Richmond upon Thames",997
2023-12-01,"Richmond upon Thames",937
2024-01-01,"Richmond upon Thames",968
2024-02-01,"Richmond upon Thames",995
2024-03-01,"Richmond upon Thames",979
2024-04-01,"Richmond upon Thames",955
2024-05-01,"Richmond upon Thames",1084
2024-06-01,"Richmond upon Thames",1157
2024-07-01,"Richmond upon Thames",1142
2024-08-01,"Richmond upon Thames",1107
2024-09-01,"Richmond upon Thames",1072
2024-10-01,"Richmond upon Thames",1103
2024-11-01,"Richmond upon Thames",1202
2020-12-01,"Southwark",2716
2021-01-01,"Southwark",2347
2021-02-01,"Southwark",2550
2021-03-01,"Southwark",3017
2021-04-01,"Southwark",2864
2021-05-01,"Southwark",2955
2021-06-01,"Southwark",2998
2021-07-01,"Southwark",3160
2021-08-01,"Southwark",2762
2021-09-01,"Southwark",3127
2021-10-01,"Southwark",3230
2021-11-01,"Southwark",3078
2021-12-01,"Southwark",2729
2022-01-01,"Southwark",2804
2022-02-01,"Southwark",2730
2022-03-01,"Southwark",3111
2022-04-01,"Southwark",2997
2022-05-01,"Southwark",3389
2022-06-01,"Southwark",3307
2022-07-01,"Southwark",3455
2022-08-01,"Southwark",3235
2022-09-01,"Southwark",2967
2022-10-01,"Southwark",3077
2022-11-01,"Southwark",3180
2022-12-01,"Southwark",2868
2023-01-01,"Southwark",3132
2023-02-01,"Southwark",3009
2023-03-01,"Southwark",3150
2023-04-01,"Southwark",2997
2023-05-01,"Southwark",3519
2023-06-01,"Southwark",3760
2023-07-01,"Southwark",3542
2023-08-01,"Southwark",3343
2023-09-01,"Southwark",3562
2023-10-01,"Southwark",3144
2023-11-01,"Southwark",3425
2023-12-01,"Southwark",3318
2024-01-01,"Southwark",3388
2024-02-01,"Southwark",3170
2024-03-01,"Southwark",3224
2024-04-01,"Southwark",3220
2024-05-01,"Southwark",3398
2024-06-01,"Southwark",3328
2024-07-01,"Southwark",3370
2024-08-01,"Southwark",3520
2024-09-01,"Southwark",3766
2024-10-01,"Southwark",4064
2024-11-01,"Southwark",3788
2020-12-01,"Sutton",1054
2021-01-01,"Sutton",944
2021-02-01,"Sutton",969
2021-03-01,"Sutton",1139
2021-04-01,"Sutton",1096
2021-05-01,"Sutton",1150
2021-06-01,"Sutton",1315
2021-07-01,"Sutton",1221
2021-08-01,"Sutton",1098
2021-09-01,"Sutton",1231
2021-10-01,"Sutton",1245
2021-11-01,"Sutton",1399
2021-12-01,"Sutton",1238
2022-01-01,"Sutton",1190
2022-02-01,"Sutton",1149
2022-03-01,"Sutton",1341
2022-04-01,"Sutton",1090
2022-05-01,"Sutton",1313
2022-06-01,"Sutton",1277
2022-07-01,"Sutton",1239
2022-08-01,"Sutton",1351
2022-09-01,"Sutton",1222
2022-10-01,"Sutton",1180
2022-11-01,"Sutton",1204
2022-12-01,"Sutton",1087
2023-01-01,"Sutton",1301
2023-02-01,"Sutton",1171
2023-03-01,"Sutton",1139
2023-04-01,"Sutton",1102
2023-05-01,"Sutton",1204
2023-06-01,"Sutton",1265
2023-07-01,"Sutton",1265
2023-08-01,"Sutton",1093
2023-09-01,"Sutton",1179
2023-10-01,"Sutton",1166
2023-11-01,"Sutton",1128
2023-12-01,"Sutton",1186
2024-01-01,"Sutton",1334
2024-02-01,"Sutton",1115
2024-03-01,"Sutton",1129
2024-04-01,"Sutton",1015
2024-05-01,"Sutton",1236
2024-06-01,"Sutton",1120
2024-07-01,"Sutton",1326
2024-08-01,"Sutton",1131
2024-09-01,"Sutton",1180
2024-10-01,"Sutton",1277
2024-11-01,"Sutton",1154
2020-12-01,"Tower Hamlets",2755
2021-01-01,"Tower Hamlets",2857
2021-02-01,"Tower Hamlets",2548
2021-03-01,"Tower Hamlets",2978
2021-04-01,"Tower Hamlets",2902
2021-05-01,"Tower Hamlets",3236
2021-06-01,"Tower Hamlets",3102
2021-07-01,"Tower Hamlets",3181
2021-08-01,"Tower Hamlets",2852
2021-09-01,"Tower Hamlets",3143
2021-10-01,"Tower Hamlets",3337
2021-11-01,"Tower Hamlets",3208
2021-12-01,"Tower Hamlets",2675
2022-01-01,"Tower Hamlets",3011
2022-02-01,"Tower Hamlets",2828
2022-03-01,"Tower Hamlets",3214
2022-04-01,"Tower Hamlets",3027
2022-05-01,"Tower Hamlets",3278
2022-06-01,"Tower Hamlets",2905
2022-07-01,"Tower Hamlets",2980
2022-08-01,"Tower Hamlets",2975
2022-09-01,"Tower Hamlets",2962
2022-10-01,"Tower Hamlets",3110
2022-11-01,"Tower Hamlets",3123
2022-12-01,"Tower Hamlets",2711
2023-01-01,"Tower Hamlets",3139
2023-02-01,"Tower Hamlets",2923
2023-03-01,"Tower Hamlets",3410
2023-04-01,"Tower Hamlets",3074
2023-05-01,"Tower Hamlets",3223
2023-06-01,"Tower Hamlets",3176
2023-07-01,"Tower Hamlets",3483
2023-08-01,"Tower Hamlets",3295
2023-09-01,"Tower Hamlets",3323
2023-10-01,"Tower Hamlets",3372
2023-11-01,"Tower Hamlets",3430
2023-12-01,"Tower Hamlets",3363
2024-01-01,"Tower Hamlets",3091
2024-02-01,"Tower Hamlets",3139
2024-03-01,"Tower Hamlets",3058
2024-04-01,"Tower Hamlets",3003
2024-05-01,"Tower Hamlets",3297
2024-06-01,"Tower Hamlets",3148
2024-07-01,"Tower Hamlets",3522
2024-08-01,"Tower Hamlets",3841
2024-09-01,"Tower Hamlets",3523
2024-10-01,"Tower Hamlets",3550
2024-11-01,"Tower Hamlets",3520
2020-12-01,"Waltham Forest",2062
2021-01-01,"Waltham Forest",2048
2021-02-01,"Waltham Forest",1832
2021-03-01,"Waltham Forest",2169
2021-04-01,"Waltham Forest",2009
2021-05-01,"Waltham Forest",2283
2021-06-01,"Waltham Forest",2272
2021-07-01,"Waltham Forest",2184
2021-08-01,"Waltham Forest",2038
2021-09-01,"Waltham Forest",1989
2021-10-01,"Waltham Forest",2218
2021-11-01,"Waltham Forest",2288
2021-12-01,"Waltham Forest",1995
2022-01-01,"Waltham Forest",2246
2022-02-01,"Waltham Forest",2064
2022-03-01,"Waltham Forest",2299
2022-04-01,"Waltham Forest",1900
2022-05-01,"Waltham Forest",2212
2022-06-01,"Waltham Forest",2237
2022-07-01,"Waltham Forest",2205
2022-08-01,"Waltham Forest",2028
2022-09-01,"Waltham Forest",2160
2022-10-01,"Waltham Forest",2151
2022-11-01,"Waltham Forest",2136
2022-12-01,"Waltham Forest",1819
2023-01-01,"Waltham Forest",1961
2023-02-01,"Waltham Forest",1832
2023-03-01,"Waltham Forest",2129
2023-04-01,"Waltham Forest",1852
2023-05-01,"Waltham Forest",2102
2023-06-01,"Waltham Forest",2262
2023-07-01,"Waltham Forest",2218
2023-08-01,"Waltham Forest",2143
2023-09-01,"Waltham Forest",2222
2023-10-01,"Waltham Forest",2034
2023-11-01,"Waltham Forest",2204
2023-12-01,"Waltham Forest",2109
2024-01-01,"Waltham Forest",2042
2024-02-01,"Waltham Forest",2069
2024-03-01,"Waltham Forest",2135
2024-04-01,"Waltham Forest",2126
2024-05-01,"Waltham Forest",2294
2024-06-01,"Waltham Forest",2300
2024-07-01,"Waltham Forest",2346
2024-08-01,"Waltham Forest",2209
2024-09-01,"Waltham Forest",2205
2024-10-01,"Waltham Forest",2500
2024-11-01,"Waltham Forest",2437
2020-12-01,"Wandsworth",2145
2021-01-01,"Wandsworth",1938
2021-02-01,"Wandsworth",2094
2021-03-01,"Wandsworth",2273
2021-04-01,"Wandsworth",2225
2021-05-01,"Wandsworth",2274
2021-06-01,"Wandsworth",2293
2021-07-01,"Wandsworth",2408
2021-08-01,"Wandsworth",2171
2021-09-01,"Wandsworth",2439
2021-10-01,"Wandsworth",2646
2021-11-01,"Wandsworth",2412
2021-12-01,"Wandsworth",2157
2022-01-01,"Wandsworth",2141
2022-02-01,"Wandsworth",2181
2022-03-01,"Wandsworth",2330
2022-04-01,"Wandsworth",2018
2022-05-01,"Wandsworth",2351
2022-06-01,"Wandsworth",2311
2022-07-01,"Wandsworth",2267
2022-08-01,"Wandsworth",2301
2022-09-01,"Wandsworth",2139
2022-10-01,"Wandsworth",2180
2022-11-01,"Wandsworth",2236
2022-12-01,"Wandsworth",1971
2023-01-01,"Wandsworth",2084
2023-02-01,"Wandsworth",2067
2023-03-01,"Wandsworth",2346
2023-04-01,"Wandsworth",2143
2023-05-01,"Wandsworth",2584
2023-06-01,"Wandsworth",2580
2023-07-01,"Wandsworth",2614
2023-08-01,"Wandsworth",2376
2023-09-01,"Wandsworth",2398
2023-10-01,"Wandsworth",2528
2023-11-01,"Wandsworth",2300
2023-12-01,"Wandsworth",2365
2024-01-01,"Wandsworth",2401
2024-02-01,"Wandsworth",2262
2024-03-01,"Wandsworth",2353
2024-04-01,"Wandsworth",2140
2024-05-01,"Wandsworth",2304
2024-06-01,"Wandsworth",2326
2024-07-01,"Wandsworth",2437
2024-08-01,"Wandsworth",2303
2024-09-01,"Wandsworth",2360
2024-10-01,"Wandsworth",2259
2024-11-01,"Wandsworth",2338
2020-12-01,"Westminster",3847
2021-01-01,"Westminster",2392
2021-02-01,"Westminster",2279
2021-03-01,"Westminster",2907
2021-04-01,"Westminster",3481
2021-05-01,"Westminster",4329
2021-06-01,"Westminster",4614
2021-07-01,"Westminster",5376
2021-08-01,"Westminster",4783
2021-09-01,"Westminster",5022
2021-10-01,"Westminster",6451
2021-11-01,"Westminster",6151
2021-12-01,"Westminster",6260
2022-01-01,"Westminster",5723
2022-02-01,"Westminster",5666
2022-03-01,"Westminster",6472
2022-04-01,"Westminster",5887
2022-05-01,"Westminster",6441
2022-06-01,"Westminster",6473
2022-07-01,"Westminster",7393
2022-08-01,"Westminster",6452
2022-09-01,"Westminster",5934
2022-10-01,"Westminster",8015
2022-11-01,"Westminster",8434
2022-12-01,"Westminster",8762
2023-01-01,"Westminster",7879
2023-02-01,"Westminster",7368
2023-03-01,"Westminster",7438
2023-04-01,"Westminster",7060
2023-05-01,"Westminster",7641
2023-06-01,"Westminster",7904
2023-07-01,"Westminster",8043
2023-08-01,"Westminster",7276
2023-09-01,"Westminster",7071
2023-10-01,"Westminster",7891
2023-11-01,"Westminster",9868
2023-12-01,"Westminster",9940
2024-01-01,"Westminster",8118
2024-02-01,"Westminster",8398
2024-03-01,"Westminster",8145
2024-04-01,"Westminster",7484
2024-05-01,"Westminster",7165
2024-06-01,"Westminster",7633
2024-07-01,"Westminster",7445
2024-08-01,"Westminster",6994
2024-09-01,"Westminster",6940
2024-10-01,"Westminster",8443
2024-11-01,"Westminster",9463
2021-11-01,"City of London",682
2021-12-01,"City of London",558
2022-01-01,"City of London",527
2022-02-01,"City of London",529
2022-03-01,"City of London",610
2022-04-01,"City of London",591
2022-05-01,"City of London",643
2022-06-01,"City of London",611
2022-07-01,"City of London",665
2022-08-01,"City of London",687
2022-09-01,"City of London",603
2022-10-01,"City of London",707
2022-11-01,"City of London",677
2022-12-01,"City of London",659
2023-01-01,"City of London",641
2023-02-01,"City of London",702
2023-03-01,"City of London",620
2023-04-01,"City of London",656
2023-05-01,"City of London",721
2023-06-01,"City of London",667
2023-07-01,"City of London",612
2023-08-01,"City of London",649
2023-09-01,"City of London",666
2023-10-01,"City of London",750
2023-11-01,"City of London",732
2023-12-01,"City of London",711
2024-01-01,"City of London",623
2024-02-01,"City of London",736
2024-03-01,"City of London",663
2024-04-01,"City of London",780
2024-05-01,"City of London",806
2024-06-01,"City of London",742
2024-07-01,"City of London",749
2024-08-01,"City of London",720
2024-09-01,"City of London",638
2024-10-01,"City of London",771
